filename,words
00000.png,37-TD490.89
00001.png,18-Y08668
00002.png,31-U8528.12
00003.png,33-ZY281.59
00004.png,89-Y4034.69
00005.png,26O-4069
00006.png,79-LT697.87
00007.png,52X-4406
00008.png,74-JK221.60
00009.png,21QN-0163
00010.png,59AV-692.26
00011.png,23P-167.65
00012.png,05-N15461
00013.png,18-Y4862.24
00014.png,73KV-520.07
00015.png,56-EW161.32
00016.png,62FC-7148
00017.png,93-J14315
00018.png,28-S2523.03
00019.png,90MF-5073
00020.png,85TR-901.44
00021.png,69-OO7421
00022.png,67-D36928
00023.png,96R-1756
00024.png,95MI-7726
00025.png,11V-2326
00026.png,78G-1323
00027.png,67-ET383.18
00028.png,71E-934.65
00029.png,73FV-799.76
00030.png,74-IM7030
00031.png,84-W40310
00032.png,62TV-375.12
00033.png,81SZ-658.78
00034.png,72G-8555
00035.png,31W-674.86
00036.png,26-PN263.38
00037.png,58PY-841.62
00038.png,07R-436.85
00039.png,73W-138.95
00040.png,88-S2714.55
00041.png,73-TQ505.46
00042.png,55-B2660.63
00043.png,06ZZ-6205
00044.png,09EE-443.02
00045.png,85SW-9585
00046.png,51Z-8106
00047.png,49-AD6452
00048.png,29-IB7111
00049.png,97AF-9228
00050.png,85MT-914.37
00051.png,05I-126.11
00052.png,62N-682.53
00053.png,64YE-192.14
00054.png,87-FV9818
00055.png,40G-742.82
00056.png,98B-2388
00057.png,30MH-208.21
00058.png,17-EH2038
00059.png,36H-075.49
00060.png,10J-602.38
00061.png,34-HY569.59
00062.png,14-FU6081
00063.png,83-PB8161
00064.png,30BF-9484
00065.png,90AN-1722
00066.png,18FF-275.63
00067.png,57J-7672
00068.png,79MX-242.01
00069.png,78-MJ5732
00070.png,24T-118.32
00071.png,54-RE419.49
00072.png,97SY-417.87
00073.png,51-UH3257
00074.png,52M-0234
00075.png,11-IO231.71
00076.png,91-L5109.77
00077.png,84-RV828.48
00078.png,96-DV859.41
00079.png,47UJ-1200
00080.png,76C-918.03
00081.png,91-YB243.27
00082.png,36-V83065
00083.png,13-FF090.54
00084.png,10-J54356
00085.png,56M-465.56
00086.png,41-QQ372.27
00087.png,41-TC4503
00088.png,21-B98936
00089.png,78KW-0735
00090.png,88-QY9883
00091.png,34IF-2543
00092.png,29G-3416
00093.png,87-T7607.24
00094.png,00-R56687
00095.png,10-WV446.33
00096.png,49-MK356.44
00097.png,72-BJ566.83
00098.png,04PI-084.89
00099.png,63-YJ2759
00100.png,34ZT-1728
00101.png,02JN-4571
00102.png,05-S3668.61
00103.png,87O-094.20
00104.png,41FA-3430
00105.png,15K-4619
00106.png,62PV-567.54
00107.png,06-MD433.91
00108.png,33T-261.98
00109.png,73-G7762.39
00110.png,45Q-6899
00111.png,29F-840.85
00112.png,47UU-068.36
00113.png,40-A0855.70
00114.png,86N-257.18
00115.png,52E-3278
00116.png,15LH-486.44
00117.png,19-N92338
00118.png,80-SB440.54
00119.png,29NM-0864
00120.png,24U-188.88
00121.png,70-RV211.85
00122.png,21E-3749
00123.png,93G-794.06
00124.png,95S-0188
00125.png,98OH-5496
00126.png,85-P9034.86
00127.png,27S-930.50
00128.png,99BD-251.68
00129.png,81FG-069.75
00130.png,46-LA780.51
00131.png,08-DD2414
00132.png,56-ZF739.27
00133.png,07K-0550
00134.png,11-E7313.87
00135.png,07-TF781.60
00136.png,58CD-387.18
00137.png,67-X65569
00138.png,47EO-2864
00139.png,17G-068.52
00140.png,23-EH611.19
00141.png,56FQ-4925
00142.png,60LL-8266
00143.png,89F-5886
00144.png,93MS-8780
00145.png,17H-421.00
00146.png,59F-5944
00147.png,51S-2178
00148.png,30Q-207.36
00149.png,68-RD306.84
00150.png,32-WC886.33
00151.png,03-R34972
00152.png,52Q-216.43
00153.png,69-JE982.77
00154.png,44CS-9710
00155.png,72-B12854
00156.png,24-OE7987
00157.png,82G-840.95
00158.png,25-XH4476
00159.png,68S-033.96
00160.png,98RU-916.30
00161.png,83-MO374.99
00162.png,19-E8345.47
00163.png,73W-190.94
00164.png,00Z-892.16
00165.png,20ZK-682.37
00166.png,39-YH221.13
00167.png,25-C7720.02
00168.png,45JV-088.03
00169.png,65YA-388.77
00170.png,83P-050.97
00171.png,62R-4685
00172.png,92-YY8169
00173.png,47-Y1706.33
00174.png,07-GO6227
00175.png,53-KG233.29
00176.png,88VY-4153
00177.png,10-CT1287
00178.png,00-TV471.94
00179.png,60-YK968.77
00180.png,28K-878.80
00181.png,42F-3116
00182.png,44-NI6247
00183.png,33-KZ820.58
00184.png,55X-2780
00185.png,49J-4608
00186.png,89-HD738.33
00187.png,96A-401.66
00188.png,74-BF9626
00189.png,76U-2701
00190.png,06-E5809.06
00191.png,93H-253.93
00192.png,21-MJ2464
00193.png,43QE-2301
00194.png,10-GC3379
00195.png,26OZ-278.76
00196.png,49-ZU163.85
00197.png,95-BS039.14
00198.png,77H-034.34
00199.png,61L-0177
00200.png,54-U2553.46
00201.png,79-JA7080
00202.png,53O-023.41
00203.png,29Q-7157
00204.png,65-LS670.32
00205.png,03J-670.15
00206.png,85M-444.31
00207.png,11-W2721.62
00208.png,90YS-737.57
00209.png,63-X4664.40
00210.png,30-KU7421
00211.png,80-SS300.38
00212.png,66OC-5911
00213.png,89-AM802.99
00214.png,82LB-265.95
00215.png,65HD-033.68
00216.png,61ON-571.18
00217.png,03K-950.09
00218.png,56-GY127.67
00219.png,74-JQ1455
00220.png,62-KY028.05
00221.png,10-UQ718.47
00222.png,30L-611.82
00223.png,20CK-7322
00224.png,16-IE7470
00225.png,97-OV682.02
00226.png,51NW-465.20
00227.png,15-EP6998
00228.png,54-KD6767
00229.png,86-GD3855
00230.png,58-HV861.85
00231.png,79O-4690
00232.png,00-JT367.02
00233.png,91EB-4779
00234.png,20-GB027.83
00235.png,65-MM3398
00236.png,95-BT4811
00237.png,05-QK989.21
00238.png,17E-716.34
00239.png,67-OO2102
00240.png,25-ML8744
00241.png,78-FL391.01
00242.png,95-B3216.09
00243.png,75J-2290
00244.png,11-G6948.10
00245.png,39ZB-458.33
00246.png,38J-3326
00247.png,28-O6245.82
00248.png,35-OR7818
00249.png,61-FM663.00
00250.png,96-RH7828
00251.png,17-P33465
00252.png,44BF-1380
00253.png,81X-010.02
00254.png,51-HF840.53
00255.png,61-IV484.67
00256.png,44L-7192
00257.png,64HS-3956
00258.png,73-J5154.83
00259.png,23-W14359
00260.png,32Y-7500
00261.png,70GA-612.34
00262.png,64BQ-989.97
00263.png,10-M4432.19
00264.png,73W-449.18
00265.png,94HB-557.56
00266.png,94TS-799.85
00267.png,61ZX-1173
00268.png,87-MY922.49
00269.png,56-Z4055.40
00270.png,42FO-1008
00271.png,88-VJ865.10
00272.png,72E-7507
00273.png,64C-717.09
00274.png,21-NE3528
00275.png,20R-649.23
00276.png,55-J3808.21
00277.png,14LQ-922.06
00278.png,04LK-792.71
00279.png,29-FN586.14
00280.png,40-QC0149
00281.png,30Q-898.87
00282.png,43GK-946.32
00283.png,21BJ-0828
00284.png,10VJ-237.07
00285.png,67WC-8182
00286.png,77OV-808.34
00287.png,59Y-9906
00288.png,86-OZ3531
00289.png,10-UC9691
00290.png,45H-148.17
00291.png,42-MF771.89
00292.png,76-CS068.92
00293.png,85JO-140.72
00294.png,09-XW8082
00295.png,15-JI0170
00296.png,14L-4466
00297.png,38L-8822
00298.png,13-YR621.29
00299.png,59XY-361.31
00300.png,98J-5302
00301.png,79-JB4193
00302.png,58-XO282.81
00303.png,27-IQ076.91
00304.png,22F-4128
00305.png,01VW-1876
00306.png,90-XN7661
00307.png,43-LJ6019
00308.png,95AL-108.96
00309.png,44XE-052.52
00310.png,56ZO-823.19
00311.png,26B-755.74
00312.png,78-UX073.48
00313.png,32OK-150.61
00314.png,06-YN717.61
00315.png,97-UA875.82
00316.png,91O-2587
00317.png,84-T58899
00318.png,64W-854.78
00319.png,32X-065.89
00320.png,49-MW082.23
00321.png,18-P34951
00322.png,35G-937.59
00323.png,04-DL6595
00324.png,26K-512.50
00325.png,38HT-3924
00326.png,83RC-757.13
00327.png,54-FB441.42
00328.png,81-KS8031
00329.png,10TT-756.19
00330.png,02YR-0811
00331.png,91T-5078
00332.png,38-QE0077
00333.png,14-ZY773.59
00334.png,95GN-4085
00335.png,58-HR0151
00336.png,64-PD0242
00337.png,91X-665.99
00338.png,35-RH724.87
00339.png,31SU-830.35
00340.png,59-VJ3978
00341.png,14KV-2334
00342.png,77CD-848.30
00343.png,95-OZ3246
00344.png,85C-5014
00345.png,40N-3828
00346.png,70-CF949.66
00347.png,82C-7329
00348.png,83-QN5714
00349.png,85-VJ3042
00350.png,35Z-5567
00351.png,53LA-002.16
00352.png,80HV-8900
00353.png,95-MI3646
00354.png,88B-231.66
00355.png,04-Q0739.64
00356.png,97-P90995
00357.png,09Z-603.44
00358.png,35AC-8429
00359.png,92-PU1622
00360.png,33-QA5461
00361.png,89I-828.44
00362.png,75-R9190.98
00363.png,27LN-7542
00364.png,55-B7354.01
00365.png,94M-1205
00366.png,80-IK143.26
00367.png,65-XA251.97
00368.png,16CG-3650
00369.png,76EV-801.31
00370.png,61D-490.21
00371.png,38PG-735.11
00372.png,50-Q23340
00373.png,39-NK060.09
00374.png,46-OL435.16
00375.png,13-ZC0547
00376.png,87-D90459
00377.png,91-Y44948
00378.png,06-P70115
00379.png,53YL-693.70
00380.png,52-MJ5974
00381.png,17F-227.40
00382.png,58-C1659.58
00383.png,47-BG7636
00384.png,73-A79673
00385.png,69NH-1130
00386.png,04EN-122.60
00387.png,92CP-3454
00388.png,59MM-1706
00389.png,61O-3517
00390.png,20-NX268.80
00391.png,44-G94021
00392.png,96K-8143
00393.png,57-FT275.53
00394.png,52-VM741.87
00395.png,32SW-551.58
00396.png,37-J5398.14
00397.png,53SR-1768
00398.png,61-WK773.82
00399.png,09BA-093.04
00400.png,48-Q9133.50
00401.png,14QB-3818
00402.png,93CX-775.60
00403.png,66-Z6667.83
00404.png,12-N19071
00405.png,89-NW447.17
00406.png,74P-1439
00407.png,98-F96514
00408.png,94U-6751
00409.png,26-EF902.95
00410.png,45NH-425.84
00411.png,77FK-3588
00412.png,37-RV7561
00413.png,25-ZC167.00
00414.png,79PF-811.67
00415.png,64-LB1737
00416.png,43CD-485.55
00417.png,30-B64685
00418.png,34-QO5609
00419.png,54AX-1069
00420.png,12-Q91933
00421.png,06M-500.21
00422.png,63SJ-031.12
00423.png,08AE-8098
00424.png,81RG-395.48
00425.png,29-MP145.62
00426.png,46I-765.47
00427.png,87-C68754
00428.png,16-TJ1051
00429.png,94K-5282
00430.png,33T-6149
00431.png,18-WZ473.39
00432.png,69-UQ298.68
00433.png,94XS-2415
00434.png,16AL-5657
00435.png,55-LI3827
00436.png,47-TC804.03
00437.png,41-WQ8504
00438.png,53-RH333.10
00439.png,47-YU0593
00440.png,08D-430.53
00441.png,19-D62103
00442.png,62-EF2470
00443.png,94-II8030
00444.png,97-ZT5945
00445.png,59NG-7791
00446.png,80-WG5775
00447.png,88U-256.51
00448.png,17-NC2549
00449.png,10XW-846.31
00450.png,90-OM5576
00451.png,23-HW4532
00452.png,90-WO336.46
00453.png,94-JM4961
00454.png,89-B85756
00455.png,12-JM8556
00456.png,80-OB9652
00457.png,13F-919.47
00458.png,07HO-066.89
00459.png,20-AG1910
00460.png,73-ZL647.74
00461.png,95D-8037
00462.png,42-IZ1925
00463.png,70CT-639.36
00464.png,61-M1822.65
00465.png,10J-853.25
00466.png,64A-4376
00467.png,24-W23982
00468.png,15-U44009
00469.png,61-G11098
00470.png,71-FW0618
00471.png,63-T69862
00472.png,46J-978.52
00473.png,12MC-747.90
00474.png,01-RU746.96
00475.png,98-R2791.24
00476.png,86DT-155.94
00477.png,12-Z8716.63
00478.png,02ST-728.49
00479.png,76-MM489.19
00480.png,32W-6996
00481.png,57DZ-9733
00482.png,07S-673.64
00483.png,63CR-105.33
00484.png,72-DA275.68
00485.png,12QH-235.09
00486.png,19J-315.12
00487.png,04-MS5992
00488.png,34KH-782.49
00489.png,31WG-585.36
00490.png,78-FA1488
00491.png,21U-5022
00492.png,05-I1227.26
00493.png,57-TS829.49
00494.png,02-VA0896
00495.png,55R-439.01
00496.png,48Z-938.85
00497.png,07-GL441.75
00498.png,57-ZA0140
00499.png,84Q-348.45
00500.png,12-DT451.20
00501.png,26-DK787.82
00502.png,12R-248.52
00503.png,68-EN472.40
00504.png,87-RW675.98
00505.png,67E-727.46
00506.png,79-C64006
00507.png,85-FJ721.25
00508.png,88NE-831.51
00509.png,93-SV001.43
00510.png,23Z-0011
00511.png,81-QJ584.87
00512.png,49-F3628.60
00513.png,29-Z0619.58
00514.png,68IH-7265
00515.png,20-NU4288
00516.png,09-RP820.19
00517.png,75-KQ449.69
00518.png,00TW-1713
00519.png,45-WV2150
00520.png,12-R88330
00521.png,35-VM5253
00522.png,18KR-305.99
00523.png,73X-599.24
00524.png,96-XR578.87
00525.png,26-P3697.47
00526.png,89-A50613
00527.png,03-NB127.74
00528.png,41Y-5802
00529.png,11N-6344
00530.png,57ES-175.58
00531.png,68-JJ8220
00532.png,83-TG370.94
00533.png,52I-0558
00534.png,91-U36630
00535.png,24XH-8891
00536.png,98-Q5135.02
00537.png,00I-5129
00538.png,63K-1205
00539.png,28A-0252
00540.png,95AI-884.60
00541.png,16GJ-6434
00542.png,23BM-9214
00543.png,96-KG133.91
00544.png,34-P58560
00545.png,31Y-281.47
00546.png,09L-2331
00547.png,17-DY910.69
00548.png,42-J26702
00549.png,64-PD082.02
00550.png,96-RE614.01
00551.png,82A-9528
00552.png,62Z-643.08
00553.png,95VA-349.53
00554.png,51-SG211.05
00555.png,07G-5027
00556.png,30W-274.88
00557.png,56-P4261.30
00558.png,90L-3071
00559.png,11ZJ-158.49
00560.png,62Z-365.74
00561.png,41-GB897.16
00562.png,29-CA3498
00563.png,63-IA0575
00564.png,29-D3219.94
00565.png,84R-0395
00566.png,57F-2270
00567.png,86-HB6603
00568.png,03-UJ4539
00569.png,52-U9605.52
00570.png,10UW-435.61
00571.png,40MA-995.64
00572.png,25S-581.58
00573.png,03-ZC585.10
00574.png,15-PU2817
00575.png,64AZ-0699
00576.png,88U-064.02
00577.png,48-JL291.86
00578.png,04-CH532.66
00579.png,28-AC477.23
00580.png,76-HH9664
00581.png,54BT-4890
00582.png,15-IY672.28
00583.png,87-RK708.11
00584.png,16B-9303
00585.png,07-TL5840
00586.png,39-RK8494
00587.png,76-J41169
00588.png,13Q-074.12
00589.png,49-DJ2091
00590.png,80AO-614.25
00591.png,88G-7423
00592.png,87-LL8630
00593.png,95-RM302.80
00594.png,02-N2963.85
00595.png,64EP-0375
00596.png,17X-5014
00597.png,80-QO1470
00598.png,67P-118.36
00599.png,19-DA3669
00600.png,82-SM204.43
00601.png,54-RU9879
00602.png,99FQ-3426
00603.png,14H-1780
00604.png,87AO-651.23
00605.png,78-EW2534
00606.png,99-MG022.01
00607.png,56A-528.93
00608.png,10-GL6502
00609.png,25-YD532.30
00610.png,79-UL9244
00611.png,96-N1473.21
00612.png,27FI-107.25
00613.png,54SJ-6520
00614.png,74-QH7617
00615.png,50IA-108.20
00616.png,17-NH9638
00617.png,09-XS6513
00618.png,89ZT-172.65
00619.png,43-DI6759
00620.png,41-FY2864
00621.png,53-H5053.79
00622.png,04J-794.91
00623.png,31-CI3366
00624.png,50C-3382
00625.png,67-T70356
00626.png,35-BA8093
00627.png,94OT-942.61
00628.png,37-KY2013
00629.png,64-IS986.54
00630.png,83HL-4486
00631.png,72-EI5503
00632.png,00-IE1226
00633.png,88K-3739
00634.png,49F-634.07
00635.png,69-PH8374
00636.png,73-S02058
00637.png,06NI-582.12
00638.png,78K-1221
00639.png,46JH-600.87
00640.png,84LV-349.66
00641.png,33-I42382
00642.png,37Z-831.19
00643.png,68M-9425
00644.png,73-QZ487.79
00645.png,09-Z3873.19
00646.png,85-RB6622
00647.png,81Q-4298
00648.png,89-M20544
00649.png,39-HM745.49
00650.png,79ME-430.55
00651.png,47TC-445.15
00652.png,18R-160.74
00653.png,62-BL4648
00654.png,64-EN9180
00655.png,22-KH890.29
00656.png,07-C49700
00657.png,65-UH811.76
00658.png,46-PH9224
00659.png,63-KD7869
00660.png,11RV-413.60
00661.png,48Z-610.80
00662.png,20-QB714.12
00663.png,40-W5758.69
00664.png,70C-538.69
00665.png,00-YQ5637
00666.png,50-P4123.30
00667.png,11R-4049
00668.png,26J-3827
00669.png,86-OY454.20
00670.png,95-SE102.76
00671.png,88-UD447.29
00672.png,36-U98135
00673.png,27-DV4765
00674.png,11XH-172.10
00675.png,01G-3395
00676.png,85C-761.59
00677.png,34-JR9834
00678.png,95CE-0525
00679.png,40-J67830
00680.png,65AP-542.27
00681.png,30VF-0469
00682.png,52FE-131.96
00683.png,35CV-677.93
00684.png,42OD-2192
00685.png,45UT-971.49
00686.png,98PN-7790
00687.png,19-Q6352.30
00688.png,40XF-906.30
00689.png,82FB-116.63
00690.png,17-QH636.78
00691.png,40-DN2157
00692.png,78-H1924.96
00693.png,18W-056.22
00694.png,78V-5403
00695.png,05-KN1346
00696.png,50N-139.31
00697.png,77ZZ-8477
00698.png,76-A48805
00699.png,11-ZE647.92
00700.png,42-CB4307
00701.png,18P-896.02
00702.png,15W-8654
00703.png,35UE-375.59
00704.png,92BX-1701
00705.png,53-P07730
00706.png,49-AD381.51
00707.png,98I-465.82
00708.png,62X-8931
00709.png,59-NS6700
00710.png,13O-6898
00711.png,62VH-6772
00712.png,76J-3324
00713.png,32SP-671.08
00714.png,02T-5546
00715.png,34-CB6369
00716.png,96-WI073.93
00717.png,10-AV293.02
00718.png,14-TG9822
00719.png,55V-4182
00720.png,76T-841.43
00721.png,97-CX289.87
00722.png,62E-1665
00723.png,61H-331.18
00724.png,42QN-7104
00725.png,94-H5610.91
00726.png,59-LL5213
00727.png,32TK-6552
00728.png,32CX-970.07
00729.png,67AN-483.57
00730.png,65-I85601
00731.png,38WU-7912
00732.png,33D-0373
00733.png,32-QS461.65
00734.png,44K-1301
00735.png,48-UC473.85
00736.png,32-UY928.00
00737.png,20-Y07041
00738.png,10SF-4434
00739.png,66UY-2213
00740.png,51-CT5716
00741.png,37-AL2085
00742.png,03-VO974.83
00743.png,63-IU8223
00744.png,34X-8375
00745.png,40VO-363.48
00746.png,92-L62101
00747.png,18-ZO296.48
00748.png,73-GU9964
00749.png,36-NR024.14
00750.png,52FJ-934.28
00751.png,31ZA-807.44
00752.png,10KB-270.13
00753.png,50O-036.38
00754.png,18-EQ943.76
00755.png,30A-8630
00756.png,50C-897.31
00757.png,57-Y1116.33
00758.png,58MV-543.84
00759.png,17-WD0085
00760.png,23B-304.40
00761.png,91-KR7338
00762.png,95VW-350.70
00763.png,50-VR0179
00764.png,20-TH299.83
00765.png,40-NL5475
00766.png,70-T51480
00767.png,47H-828.99
00768.png,67-GP447.82
00769.png,76-ZC4385
00770.png,28-KY161.06
00771.png,10-NE114.89
00772.png,67-JZ6538
00773.png,98KF-544.68
00774.png,09-RO066.32
00775.png,08-QI905.55
00776.png,28OZ-9526
00777.png,19-S9562.78
00778.png,01-WJ8447
00779.png,49M-169.09
00780.png,82-D03595
00781.png,52-HU7839
00782.png,10T-755.45
00783.png,85D-467.30
00784.png,24U-002.05
00785.png,88-D39165
00786.png,58-JV4077
00787.png,92W-0262
00788.png,99FO-4509
00789.png,03Q-2753
00790.png,81A-8123
00791.png,13B-195.52
00792.png,50AJ-014.63
00793.png,93-XX223.72
00794.png,02X-917.98
00795.png,21-XB773.97
00796.png,60IF-959.17
00797.png,49-I57904
00798.png,69-ZM8420
00799.png,64-F8137.48
